,City,Lat,Lng,Max Temp,Humidity,Cloudiness,Wind Speed,Country,Date
0,Jamestown,42.097,-79.2353,55.09,78,40,5.99,US,2021-10-31 21:18:55
1,Bambous Virieux,-20.3428,57.7575,71.85,83,40,3.44,MU,2021-10-31 21:23:19
2,Rikitea,-23.1203,-134.9692,73.51,87,71,8.1,PF,2021-10-31 21:23:20
3,Chipinge,-20.1883,32.6236,62.96,76,0,4.94,ZW,2021-10-31 21:23:20
4,Nador,35.174,-2.9287,70.05,73,0,9.22,MA,2021-10-31 21:23:21
5,Saint-Philippe,-21.3585,55.7679,69.39,86,33,10.0,RE,2021-10-31 21:23:21
6,Cape Town,-33.9258,18.4232,65.08,72,75,11.5,ZA,2021-10-31 21:20:24
7,Srednekolymsk,67.45,153.6833,-7.69,99,97,6.87,RU,2021-10-31 21:18:30
8,Ribeira Grande,38.5167,-28.7,68.4,94,75,4.61,PT,2021-10-31 21:23:21
9,Gunupur,19.0833,83.8167,72.99,93,38,1.25,IN,2021-10-31 21:23:22
10,Norman Wells,65.282,-126.8329,23.04,93,75,8.05,CA,2021-10-31 21:20:35
11,Tiksi,71.6872,128.8694,17.64,78,100,15.19,RU,2021-10-31 21:23:22
12,Duldurga,50.6761,113.5931,26.2,67,22,2.68,RU,2021-10-31 21:23:22
13,Bredasdorp,-34.5322,20.0403,57.27,77,100,8.75,ZA,2021-10-31 21:23:22
14,Punta Arenas,-53.15,-70.9167,51.91,62,0,17.27,CL,2021-10-31 21:22:28
15,Nago,26.5881,127.9761,73.56,79,41,10.38,JP,2021-10-31 21:23:23
16,Busselton,-33.65,115.3333,54.09,65,93,20.04,AU,2021-10-31 21:23:23
17,Albany,42.6001,-73.9662,58.59,76,98,1.99,US,2021-10-31 21:23:24
18,Cherskiy,68.75,161.3,-2.0,99,100,4.97,RU,2021-10-31 21:23:24
19,Avarua,-21.2078,-159.775,75.25,69,75,14.97,CK,2021-10-31 21:23:24
20,Ushuaia,-54.8,-68.3,55.06,44,0,6.91,AR,2021-10-31 21:22:14
21,Dikson,73.5069,80.5464,6.98,93,100,11.86,RU,2021-10-31 21:21:05
22,Luderitz,-26.6481,15.1594,60.71,82,44,5.86,NA,2021-10-31 21:23:25
23,Yellowknife,62.456,-114.3525,34.41,91,40,10.36,CA,2021-10-31 21:23:25
24,San Cristobal,7.7669,-72.225,75.38,92,59,2.39,VE,2021-10-31 21:23:25
25,Bermejo,-32.8833,-68.8,55.31,76,90,3.44,AR,2021-10-31 21:23:25
26,Kaitangata,-46.2817,169.8464,53.58,52,77,7.34,NZ,2021-10-31 21:22:08
27,Rockport,28.0206,-97.0544,84.22,59,1,5.01,US,2021-10-31 21:20:57
28,Bethel,41.3712,-73.414,62.96,73,90,1.01,US,2021-10-31 21:23:26
29,Atuona,-9.8,-139.0333,78.6,76,5,20.76,PF,2021-10-31 21:23:26
30,Khatanga,71.9667,102.5,5.74,96,100,10.78,RU,2021-10-31 21:23:27
31,Pisco,-13.7,-76.2167,68.05,68,0,23.02,PE,2021-10-31 21:23:27
32,Cockburn Town,21.4612,-71.1419,84.16,65,20,0.0,TC,2021-10-31 21:20:42
33,East London,-33.0153,27.9116,66.09,82,89,12.84,ZA,2021-10-31 21:22:30
34,Arraial Do Cabo,-22.9661,-42.0278,71.56,94,90,9.22,BR,2021-10-31 21:23:27
35,Georgetown,5.4112,100.3354,77.95,93,20,2.3,MY,2021-10-31 21:23:28
36,Nikolskoye,59.7035,30.7861,48.02,85,100,7.67,RU,2021-10-31 21:23:28
37,Torbay,47.6666,-52.7314,43.57,93,90,12.66,CA,2021-10-31 21:23:28
38,Port Alfred,-33.5906,26.891,66.54,83,81,15.77,ZA,2021-10-31 21:23:29
39,Gerash,27.6652,54.1371,66.34,30,0,6.33,IR,2021-10-31 21:23:29
40,Cauquenes,-35.9671,-72.3225,71.91,38,85,11.1,CL,2021-10-31 21:23:29
41,Puerto Ayora,-0.7393,-90.3518,75.16,79,40,8.43,EC,2021-10-31 21:23:30
42,Talnakh,69.4865,88.3972,-10.8,99,89,5.93,RU,2021-10-31 21:23:30
43,Elliot Lake,46.3834,-82.6331,48.29,87,83,12.39,CA,2021-10-31 21:23:30
44,Souillac,-20.5167,57.5167,71.98,83,40,3.44,MU,2021-10-31 21:23:31
45,Taoudenni,22.6783,-3.9836,84.31,17,0,9.91,ML,2021-10-31 21:24:31
46,Berlevag,70.8578,29.0864,33.75,86,0,11.5,NO,2021-10-31 21:21:13
47,Viedma,-40.8135,-62.9967,54.16,67,100,12.59,AR,2021-10-31 21:24:31
48,Baie-Comeau,49.2168,-68.1489,51.1,93,90,23.02,CA,2021-10-31 21:24:32
49,Sorland,67.667,12.6934,50.07,84,100,22.21,NO,2021-10-31 21:24:32
50,Kruisfontein,-34.0033,24.7314,62.89,82,65,4.32,ZA,2021-10-31 21:24:32
51,Nanortalik,60.1432,-45.2371,34.03,74,63,10.71,GL,2021-10-31 21:21:39
52,Haines Junction,60.7522,-137.5108,44.55,36,100,3.44,CA,2021-10-31 21:24:33
53,Hasilpur,29.7122,72.5553,71.6,17,0,4.92,PK,2021-10-31 21:24:33
54,Qui Nhon,13.7667,109.2333,76.17,90,94,6.69,VN,2021-10-31 21:24:33
55,Kaeo,-35.1,173.7833,63.32,66,64,5.68,NZ,2021-10-31 21:24:33
56,Shetpe,44.1667,52.1167,48.13,49,5,8.59,KZ,2021-10-31 21:24:34
57,Lebu,-37.6167,-73.65,57.34,77,96,8.66,CL,2021-10-31 21:20:57
58,Hilo,19.7297,-155.09,83.25,68,1,9.22,US,2021-10-31 21:24:34
59,Caravelas,-17.7125,-39.2481,75.61,80,91,8.5,BR,2021-10-31 21:24:35
60,Bengkulu,-3.8004,102.2655,76.23,88,100,5.01,ID,2021-10-31 21:21:09
61,Iringa,-7.7667,35.7,61.57,83,99,3.96,TZ,2021-10-31 21:24:35
62,Maniitsoq,65.4167,-52.9,35.91,94,99,13.2,GL,2021-10-31 21:24:35
63,Meulaboh,4.1363,96.1285,75.42,89,100,4.36,ID,2021-10-31 21:24:36
64,Bilma,18.6853,12.9164,81.48,21,1,10.33,NE,2021-10-31 21:24:36
65,New Norfolk,-42.7826,147.0587,56.91,59,100,1.99,AU,2021-10-31 21:20:52
66,Kloulklubed,7.0419,134.2556,77.5,70,99,4.18,PW,2021-10-31 21:20:43
67,Ennis,52.8436,-8.9864,49.93,81,75,18.41,IE,2021-10-31 21:24:36
68,Marsh Harbour,26.5412,-77.0636,77.18,63,89,8.97,BS,2021-10-31 21:23:51
69,Shirokiy,49.758,129.523,23.4,43,18,1.52,RU,2021-10-31 21:24:09
70,Flin Flon,54.7682,-101.865,33.64,93,90,10.36,CA,2021-10-31 21:24:37
71,Kant,27.8,79.8,65.03,57,0,3.06,IN,2021-10-31 21:24:37
72,Oktyabrskiy,54.4815,53.471,44.28,83,64,9.8,RU,2021-10-31 21:24:38
73,Hobart,-42.8794,147.3294,57.25,64,75,3.0,AU,2021-10-31 21:24:38
74,Pevek,69.7008,170.3133,-0.63,97,100,4.18,RU,2021-10-31 21:21:32
75,Baykit,61.67,96.37,18.43,97,100,2.19,RU,2021-10-31 21:24:38
76,Ishigaki,24.3448,124.1572,75.33,73,20,10.36,JP,2021-10-31 21:24:39
77,Port Elizabeth,-33.918,25.5701,65.1,94,0,9.22,ZA,2021-10-31 21:24:39
78,Kodiak,57.79,-152.4072,45.91,87,90,16.11,US,2021-10-31 21:24:39
79,Micheweni,-4.9667,39.8333,78.89,83,8,9.04,TZ,2021-10-31 21:24:39
80,Isangel,-19.55,169.2667,77.88,73,43,7.36,VU,2021-10-31 21:22:47
81,Xuddur,4.1213,43.8894,75.34,66,51,17.54,SO,2021-10-31 21:24:40
82,Eilenburg,51.4598,12.6334,55.49,66,49,10.0,DE,2021-10-31 21:24:40
83,Coquimbo,-29.9533,-71.3436,60.53,72,75,10.36,CL,2021-10-31 21:23:16
84,Codrington,-38.2667,141.9667,48.31,88,8,4.79,AU,2021-10-31 21:24:41
85,Presidencia Roque Saenz Pena,-26.7852,-60.4388,97.72,22,44,9.51,AR,2021-10-31 21:20:10
86,College,64.8569,-147.8028,51.46,45,75,16.11,US,2021-10-31 21:24:41
87,Ambon,-3.6954,128.1814,75.34,94,20,4.61,ID,2021-10-31 21:24:41
88,Pangoa,-12.1167,-73.0,80.37,72,98,1.07,PE,2021-10-31 21:24:42
89,Anzio,41.4853,12.6179,64.44,92,100,14.92,IT,2021-10-31 21:25:42
90,Maneadero,31.7167,-116.5667,71.19,75,4,3.0,MX,2021-10-31 21:25:42
91,Denpasar,-8.65,115.2167,78.46,88,75,4.61,ID,2021-10-31 21:25:42
92,Mataura,-46.1927,168.8643,54.9,47,70,6.04,NZ,2021-10-31 21:25:43
93,Inirida,3.8653,-67.9239,79.32,91,94,2.62,CO,2021-10-31 21:25:43
94,Chifeng,42.2683,118.9636,37.49,77,83,3.91,CN,2021-10-31 21:25:43
95,Abnub,27.2696,31.1511,77.92,37,13,8.32,EG,2021-10-31 21:25:44
96,Koumac,-20.5667,164.2833,75.56,62,38,9.55,NC,2021-10-31 21:25:44
97,Lavrentiya,65.5833,-171.0,12.25,83,4,12.12,RU,2021-10-31 21:25:44
98,Misratah,32.3754,15.0925,72.54,65,100,13.15,LY,2021-10-31 21:23:35
99,Haapiti,-17.5667,-149.8667,82.13,69,77,12.44,PF,2021-10-31 21:25:45
100,Mendi,-6.1761,143.6513,56.75,95,99,2.82,PG,2021-10-31 21:25:45
101,Mar Del Plata,-38.0023,-57.5575,56.08,85,90,1.99,AR,2021-10-31 21:25:45
102,Dryden,49.7833,-92.7503,34.09,93,90,6.91,CA,2021-10-31 21:21:04
103,Ponta Do Sol,32.6667,-17.1,74.03,82,59,6.8,PT,2021-10-31 21:25:45
104,Takoradi,4.8845,-1.7554,78.64,88,100,11.48,GH,2021-10-31 21:25:46
105,Hermanus,-34.4187,19.2345,62.91,84,100,10.58,ZA,2021-10-31 21:25:46
106,Nouadhibou,20.931,-17.0347,71.58,78,2,10.36,MR,2021-10-31 21:25:46
107,Hithadhoo,-0.6,73.0833,82.26,76,100,18.1,MV,2021-10-31 21:25:47
108,Palmer,42.1584,-72.3287,63.95,75,75,5.75,US,2021-10-31 21:22:20
109,Faanui,-16.4833,-151.75,78.64,71,99,15.66,PF,2021-10-31 21:21:51
110,Huanren,41.2647,125.3667,39.69,85,97,5.03,CN,2021-10-31 21:25:47
111,Belmonte,-15.8631,-38.8828,79.3,82,43,8.28,BR,2021-10-31 21:25:47
112,Tolaga Bay,-38.3667,178.3,62.73,48,100,3.6,NZ,2021-10-31 21:25:48
113,San Miguel,13.4833,-88.1833,91.06,62,20,2.3,SV,2021-10-31 21:25:48
114,Vilyuysk,63.7553,121.6247,9.97,94,43,6.22,RU,2021-10-31 21:25:48
115,Raudeberg,61.9875,5.1352,49.6,74,100,1.01,NO,2021-10-31 21:25:49
116,Cap-Aux-Meules,47.3821,-61.8597,53.65,87,90,18.41,CA,2021-10-31 21:22:02
117,Hasaki,35.7333,140.8333,57.29,84,99,9.42,JP,2021-10-31 21:22:02
118,Evensk,61.95,159.2333,-1.44,79,45,11.16,RU,2021-10-31 21:25:49
119,Madina,5.6823,-0.1641,80.56,78,0,10.36,GH,2021-10-31 21:25:49
120,Aksu,41.1231,80.2644,45.16,41,0,4.85,CN,2021-10-31 21:21:10
121,Russell,32.3502,-85.1999,67.15,56,1,9.22,US,2021-10-31 21:25:50
122,Kaka,37.3482,59.6143,52.02,51,38,6.22,TM,2021-10-31 21:25:50
123,Buraydah,26.326,43.975,73.85,29,36,9.82,SA,2021-10-31 21:25:50
124,Alofi,-19.0595,-169.9187,76.89,83,41,12.66,NU,2021-10-31 21:25:51
125,Manzhouli,49.6,117.4333,24.51,39,17,5.61,CN,2021-10-31 21:25:51
126,Eureka,40.8021,-124.1637,69.75,69,67,7.0,US,2021-10-31 21:25:51
127,Maragogi,-9.0122,-35.2225,77.74,75,41,9.84,BR,2021-10-31 21:25:52
128,Nemuro,43.3236,145.575,49.84,68,10,8.01,JP,2021-10-31 21:25:52
129,Kama,56.3051,54.0936,42.71,93,88,8.81,RU,2021-10-31 21:25:52
130,Vaini,-21.2,-175.2,77.16,94,75,10.36,TO,2021-10-31 21:25:53
131,Santa Vitoria Do Palmar,-33.5189,-53.3681,69.82,82,34,9.82,BR,2021-10-31 21:25:53
132,Hurricane,37.1753,-113.2899,79.14,27,3,11.43,US,2021-10-31 21:25:53
133,Colquechaca,-18.6667,-66.0167,43.72,49,70,1.9,BO,2021-10-31 21:25:53
134,Tuktoyaktuk,69.4541,-133.0374,28.4,80,75,12.66,CA,2021-10-31 21:25:54
135,Yokadouma,3.5167,15.05,71.2,95,98,1.1,CM,2021-10-31 21:25:54
136,Rundu,-17.9333,19.7667,76.95,43,3,6.87,NA,2021-10-31 21:25:54
137,Linqing,36.8456,115.7117,48.25,90,0,7.38,CN,2021-10-31 21:26:55
138,Gravelbourg,49.8834,-106.5512,35.87,40,1,12.28,CA,2021-10-31 21:26:55
139,Socorro,31.6546,-106.3033,80.46,17,75,5.75,US,2021-10-31 21:26:55
140,Yerbogachen,61.2767,108.0108,19.87,79,100,5.3,RU,2021-10-31 21:26:56
141,Hamilton,39.1834,-84.5333,62.04,70,75,3.0,US,2021-10-31 21:25:42
142,Poya,-21.35,165.15,75.51,57,6,5.01,NC,2021-10-31 21:26:56
143,Bluff,-46.6,168.3333,54.01,68,95,24.29,NZ,2021-10-31 21:26:56
144,Los Llanos De Aridane,28.6585,-17.9182,66.13,71,20,1.01,ES,2021-10-31 21:26:57
145,Yar-Sale,66.8333,70.8333,1.4,92,73,4.74,RU,2021-10-31 21:26:57
146,Kadaya,50.9327,119.2911,22.28,57,62,5.64,RU,2021-10-31 21:26:57
147,Kapaa,22.0752,-159.319,82.47,74,1,1.99,US,2021-10-31 21:26:58
148,Derzhavinsk,51.1,66.3167,44.73,75,100,15.26,KZ,2021-10-31 21:26:58
149,Rio Esteban,15.8333,-86.3,86.05,65,21,5.35,HN,2021-10-31 21:26:58
150,Shelburne,44.0787,-80.2041,51.28,80,5,16.91,CA,2021-10-31 21:23:05
151,Saskylakh,71.9167,114.0833,8.71,97,98,5.53,RU,2021-10-31 21:26:58
152,Beloha,-25.1667,45.05,73.27,74,98,4.5,MG,2021-10-31 21:26:59
153,Nyirmeggyes,47.9167,22.2667,42.69,57,0,3.0,HU,2021-10-31 21:26:59
154,Broken Hill,-31.95,141.4333,64.11,25,97,10.36,AU,2021-10-31 21:26:59
155,Semenivka,52.1783,32.5818,40.8,76,0,7.14,UA,2021-10-31 21:27:00
156,Saint George,37.1041,-113.5841,81.07,27,1,4.0,US,2021-10-31 21:25:57
157,Salalah,17.0151,54.0924,75.29,50,0,4.61,OM,2021-10-31 21:27:00
158,Butaritari,3.0707,172.7902,81.36,77,40,9.86,KI,2021-10-31 21:27:00
159,Vardo,70.3705,31.1107,35.58,87,75,21.85,NO,2021-10-31 21:27:01
160,Karratha,-20.7377,116.8463,71.58,64,0,7.38,AU,2021-10-31 21:27:01
161,Bonthe,7.5264,-12.505,76.75,90,51,4.59,SL,2021-10-31 21:27:02
162,Barras,-4.2444,-42.2944,76.98,81,100,3.47,BR,2021-10-31 21:27:02
163,Jacareacanga,-6.2222,-57.7528,78.01,88,100,1.74,BR,2021-10-31 21:23:16
164,Lagoa,39.05,-27.9833,69.58,87,100,4.99,PT,2021-10-31 21:26:04
165,Kota Belud,6.351,116.4305,74.75,84,94,5.91,MY,2021-10-31 21:27:03
166,Bereda,43.2686,-7.5406,56.41,95,100,6.78,ES,2021-10-31 21:27:03
167,Clyde River,70.4692,-68.5914,17.4,89,100,5.57,CA,2021-10-31 21:27:03
168,Gat,31.61,34.7642,83.08,35,49,15.1,IL,2021-10-31 21:27:04
169,Warrington,53.3925,-2.5802,50.36,91,40,4.0,GB,2021-10-31 21:27:04
170,Tautira,-17.7333,-149.15,82.42,75,61,14.09,PF,2021-10-31 21:22:39
171,Tecoanapa,16.5167,-98.75,83.59,70,99,7.63,MX,2021-10-31 21:27:05
172,Laguna,38.421,-121.4238,70.14,60,90,1.99,US,2021-10-31 21:27:05
173,Sarramea,-21.6421,165.8452,74.32,56,10,5.06,NC,2021-10-31 21:27:05
174,Ende,-8.8432,121.6623,78.35,85,86,3.13,ID,2021-10-31 21:27:06
175,Atambua,-9.1061,124.8925,74.66,84,75,1.59,ID,2021-10-31 21:27:06
176,Mecca,21.4267,39.8261,80.65,60,0,0.74,SA,2021-10-31 21:27:06
177,West Bay,19.3667,-81.4167,84.27,68,75,1.01,KY,2021-10-31 21:27:07
178,Concordia,-31.393,-58.0209,87.87,49,75,8.01,AR,2021-10-31 21:27:07
179,Martapura,-3.4167,114.85,75.29,100,90,3.44,ID,2021-10-31 21:27:07
180,Kvarkeno,52.0833,59.725,43.11,87,94,15.73,RU,2021-10-31 21:27:08
181,Avera,33.194,-82.5271,68.68,50,19,9.98,US,2021-10-31 21:27:08
182,Carnarvon,-24.8667,113.6333,66.27,68,90,18.41,AU,2021-10-31 21:27:08
183,Aklavik,68.2191,-135.0107,38.12,84,100,12.73,CA,2021-10-31 21:27:09
184,Bulgan,48.8125,103.5347,31.6,54,100,2.48,MN,2021-10-31 21:28:09
185,Kargasok,59.0556,80.8572,12.15,86,91,10.6,RU,2021-10-31 21:28:09
186,Malacatepec,18.9333,-98.3,75.31,52,24,8.05,MX,2021-10-31 21:28:10
187,Villa Alemana,-33.0422,-71.3733,71.91,82,90,9.22,CL,2021-10-31 21:28:10
188,Klaksvik,62.2266,-6.589,41.92,64,100,3.06,FO,2021-10-31 21:28:10
189,Iqaluit,63.7506,-68.5145,33.53,86,75,3.0,CA,2021-10-31 21:28:11
190,Bubaque,11.2833,-15.8333,82.78,76,20,12.82,GW,2021-10-31 21:28:11
191,Royal Palm Beach,26.7084,-80.2306,83.97,64,75,1.99,US,2021-10-31 21:28:11
192,Altus,34.6381,-99.334,69.31,44,1,1.99,US,2021-10-31 21:24:34
193,Mahon,39.8885,4.2658,68.56,94,0,5.75,ES,2021-10-31 21:28:12
194,Chaumont,48.1167,5.1333,52.38,92,99,13.69,FR,2021-10-31 21:28:12
195,Luganville,-15.5333,167.1667,80.96,72,11,5.88,VU,2021-10-31 21:28:12
196,Bongandanga,1.5,21.05,68.11,96,100,2.28,CD,2021-10-31 21:28:13
197,Nicoya,10.1483,-85.452,87.35,78,100,1.16,CR,2021-10-31 21:28:13
198,Mount Isa,-20.7333,139.5,76.77,29,15,2.3,AU,2021-10-31 21:28:13
199,Saposoa,-6.934,-76.7716,95.61,51,85,2.21,PE,2021-10-31 21:28:14
200,Pangnirtung,66.1451,-65.7125,25.32,96,100,5.08,CA,2021-10-31 21:28:14
201,Qaanaaq,77.484,-69.3632,12.36,69,100,7.65,GL,2021-10-31 21:28:14
202,Asyut,27.181,31.1837,77.99,37,10,8.57,EG,2021-10-31 21:26:21
203,Cayce,33.9657,-81.074,73.38,57,40,1.01,US,2021-10-31 21:26:37
204,Nenjiang,49.1833,125.2167,28.38,41,59,4.97,CN,2021-10-31 21:28:15
205,Namibe,-15.1961,12.1522,67.37,68,68,9.26,AO,2021-10-31 21:28:15
206,Katsuura,35.1333,140.3,61.2,88,86,9.51,JP,2021-10-31 21:28:15
207,Santa Lucia,27.9117,-15.5407,62.11,79,20,17.27,ES,2021-10-31 21:28:16
208,Grand Gaube,-20.0064,57.6608,72.0,81,11,3.0,MU,2021-10-31 21:28:16
209,Bogorodskoye,56.55,37.8833,40.5,85,6,9.64,RU,2021-10-31 21:28:16
210,Kolosovka,56.4678,73.611,22.62,91,100,5.7,RU,2021-10-31 21:28:17
211,Coahuayana,18.7333,-103.6833,86.36,63,68,6.31,MX,2021-10-31 21:28:17
212,Olafsvik,64.8945,-23.7142,35.26,70,38,17.0,IS,2021-10-31 21:28:17
213,Tyrma,50.0833,132.1667,20.41,69,6,0.98,RU,2021-10-31 21:28:18
214,Huilong,31.8111,121.655,63.03,67,96,2.84,CN,2021-10-31 21:28:18
215,Cidreira,-30.1811,-50.2056,68.81,85,6,22.3,BR,2021-10-31 21:28:18
216,Tasiilaq,65.6145,-37.6368,24.96,59,79,5.14,GL,2021-10-31 21:28:19
217,Barrow,71.2906,-156.7887,28.42,86,90,19.57,US,2021-10-31 21:25:02
218,Airai,-8.9266,125.4092,59.81,82,77,2.06,TL,2021-10-31 21:28:19
219,Longyearbyen,78.2186,15.6401,33.64,64,40,19.57,SJ,2021-10-31 21:28:20
220,Upernavik,72.7868,-56.1549,32.79,98,100,20.2,GL,2021-10-31 21:28:20
221,Mattru,7.6244,-11.8332,74.26,97,86,2.13,SL,2021-10-31 21:28:21
222,Wajima,37.4,136.9,60.49,79,64,8.72,JP,2021-10-31 21:28:21
223,Ambilobe,-13.2,49.05,72.72,90,8,3.09,MG,2021-10-31 21:28:22
224,Provideniya,64.3833,-173.3,19.51,63,0,6.71,RU,2021-10-31 21:28:22
225,Pierre,44.3683,-100.351,49.05,40,1,11.99,US,2021-10-31 21:28:22
226,Pagudpud,18.5616,120.7868,71.56,85,22,13.73,PH,2021-10-31 21:28:23
227,Algeciras,36.1333,-5.4505,73.06,88,75,13.8,ES,2021-10-31 21:29:23
228,Deputatskiy,69.3,139.9,-9.8,83,100,2.21,RU,2021-10-31 21:29:23
229,La Reforma,25.0833,-108.05,95.74,56,1,11.23,MX,2021-10-31 21:29:24
230,Egvekinot,66.3167,-179.1667,-0.62,85,98,9.33,RU,2021-10-31 21:29:24
231,Spassk-Dalniy,44.5978,132.8211,34.11,85,72,4.63,RU,2021-10-31 21:29:24
232,Rocha,-34.4833,-54.3333,69.89,82,99,7.25,UY,2021-10-31 21:24:52
233,Santana,-0.0583,-51.1817,86.18,74,40,5.75,BR,2021-10-31 21:29:25
234,Port Moresby,-9.4431,147.1797,76.42,94,20,3.44,PG,2021-10-31 21:25:17
235,Thompson,55.7435,-97.8558,33.96,75,75,12.66,CA,2021-10-31 21:24:44
236,Tibati,6.4667,12.6333,70.5,84,84,3.18,CM,2021-10-31 21:29:25
237,Kajaani,64.2273,27.7285,42.85,93,90,5.75,FI,2021-10-31 21:29:25
238,Saldanha,-33.0117,17.9442,60.85,82,98,7.09,ZA,2021-10-31 21:24:46
239,Nelson Bay,-32.7167,152.15,67.1,70,97,1.99,AU,2021-10-31 21:29:26
240,Parrita,9.5201,-84.3225,87.98,81,69,2.77,CR,2021-10-31 21:29:26
241,Chokurdakh,70.6333,147.9167,-11.33,100,99,5.95,RU,2021-10-31 21:28:24
242,Inhambane,-23.865,35.3833,70.45,80,34,2.89,MZ,2021-10-31 21:29:26
243,Santa Fe,-31.6333,-60.7,90.75,40,99,4.0,AR,2021-10-31 21:29:27
244,Hay River,60.8156,-115.7999,39.18,52,40,9.22,CA,2021-10-31 21:29:27
245,Sitka,57.0531,-135.33,48.09,66,75,5.75,US,2021-10-31 21:29:27
246,Limbang,4.75,115.0,77.31,97,100,2.75,MY,2021-10-31 21:29:28
247,Chuy,-33.6971,-53.4616,69.04,84,45,10.02,UY,2021-10-31 21:29:28
248,Havoysund,70.9963,24.6622,36.48,79,73,17.9,NO,2021-10-31 21:29:28
249,Irara,-12.05,-38.7667,77.99,65,85,12.57,BR,2021-10-31 21:29:28
250,Darnah,32.767,22.6367,67.59,77,100,17.34,LY,2021-10-31 21:29:29
251,Acapulco,16.8634,-99.8901,84.02,74,75,4.61,MX,2021-10-31 21:24:53
252,Batsfjord,70.6345,29.7185,35.6,93,75,23.02,NO,2021-10-31 21:29:29
253,Mount Gambier,-37.8333,140.7667,49.91,93,9,4.61,AU,2021-10-31 21:29:29
254,Waitati,-45.75,170.5667,56.8,44,34,3.94,NZ,2021-10-31 21:29:30
255,Sinnamary,5.3833,-52.95,79.05,84,65,8.23,GF,2021-10-31 21:29:30
256,Sur,22.5667,59.5289,82.0,60,0,12.39,OM,2021-10-31 21:29:30
257,Kavieng,-2.5744,150.7967,83.8,74,94,15.32,PG,2021-10-31 21:29:30
258,Port Blair,11.6667,92.75,80.06,81,84,1.28,IN,2021-10-31 21:29:31
259,Jumla,29.2747,82.1838,41.77,55,0,4.27,NP,2021-10-31 21:29:31
260,Kefamenanu,-9.4467,124.4781,72.07,94,92,0.87,ID,2021-10-31 21:29:31
261,Adrar,20.5022,-10.0711,86.63,13,98,7.78,MR,2021-10-31 21:29:32
262,Ruzhyn,49.7228,29.2046,41.32,66,0,7.11,UA,2021-10-31 21:29:32
263,Kisangani,0.5167,25.2,71.19,99,100,2.57,CD,2021-10-31 21:29:32
264,Antalaha,-14.9003,50.2788,72.07,91,9,3.38,MG,2021-10-31 21:29:33
265,Shakiso,5.75,38.9167,57.52,74,46,3.74,ET,2021-10-31 21:29:33
266,Yamada,39.4667,141.95,51.42,83,27,4.68,JP,2021-10-31 21:29:33
267,Cabedelo,-6.9811,-34.8339,81.27,73,59,15.21,BR,2021-10-31 21:29:33
268,Mao,39.8885,4.2658,68.56,94,0,5.75,ES,2021-10-31 21:28:12
269,Sao Filipe,14.8961,-24.4956,79.93,75,98,10.92,CV,2021-10-31 21:29:34
270,Kunnamangalam,11.3046,75.8777,77.63,94,41,3.11,IN,2021-10-31 21:29:34
271,Terra Santa,-2.1042,-56.4869,84.33,61,99,2.15,BR,2021-10-31 21:29:34
272,Pangai,-19.8,-174.35,78.91,69,20,16.11,TO,2021-10-31 21:29:35
273,Mahebourg,-20.4081,57.7,71.89,83,40,3.44,MU,2021-10-31 21:27:51
274,Katobu,-4.9408,122.5276,75.61,92,94,2.57,ID,2021-10-31 21:29:35
275,Port Macquarie,-31.4333,152.9167,62.89,65,49,3.87,AU,2021-10-31 21:28:30
276,Arvika,59.6553,12.5852,45.21,98,99,3.78,SE,2021-10-31 21:30:36
277,Tazovskiy,67.4667,78.7,-2.15,97,73,9.6,RU,2021-10-31 21:30:36
278,Nuuk,64.1835,-51.7216,36.21,93,75,24.16,GL,2021-10-31 21:30:37
279,Bilibino,68.0546,166.4372,-23.91,100,100,2.15,RU,2021-10-31 21:30:37
280,Namtsy,62.7161,129.6658,12.31,95,100,6.89,RU,2021-10-31 21:30:37
281,Fortuna,40.5982,-124.1573,67.42,63,90,5.99,US,2021-10-31 21:30:38
282,Bobo Dioulasso,11.1771,-4.2979,81.05,69,0,6.91,BF,2021-10-31 21:30:38
283,Nadym,65.5333,72.5167,3.72,89,35,7.47,RU,2021-10-31 21:30:38
284,Fort Nelson,58.8053,-122.7002,33.39,44,40,2.3,CA,2021-10-31 21:30:36
285,Ixtapa,20.7,-105.2,84.22,80,6,5.01,MX,2021-10-31 21:30:39
286,Shestakovo,56.4915,103.96,27.81,93,100,3.89,RU,2021-10-31 21:30:39
287,Dudinka,69.4058,86.1778,-12.64,100,93,6.04,RU,2021-10-31 21:30:39
288,Esperance,-33.8667,121.9,64.24,51,100,14.92,AU,2021-10-31 21:30:40
289,Port Lincoln,-34.7333,135.8667,59.7,63,0,8.99,AU,2021-10-31 21:26:53
290,Belaya Gora,68.5333,146.4167,-10.03,100,73,4.34,RU,2021-10-31 21:30:40
291,Bowen,-20.0167,148.2333,75.42,70,14,20.13,AU,2021-10-31 21:30:40
292,Alice Springs,-23.7,133.8833,58.55,94,29,6.91,AU,2021-10-31 21:30:41
293,Romny,50.751,33.4747,41.22,62,0,6.98,UA,2021-10-31 21:30:41
294,Cabo San Lucas,22.8909,-109.9124,87.62,63,40,4.0,MX,2021-10-31 21:30:41
295,Toppenish,46.3774,-120.3087,55.02,36,13,5.32,US,2021-10-31 21:30:42
296,Castro,-24.7911,-50.0119,59.22,98,97,5.48,BR,2021-10-31 21:30:42
297,Requena,39.4883,-1.1004,69.71,84,100,26.28,ES,2021-10-31 21:30:42
298,Vestmanna,62.1564,-7.1664,40.12,93,90,1.14,FO,2021-10-31 21:30:43
299,San Buenaventura,27.0833,-101.5333,87.48,19,0,9.89,MX,2021-10-31 21:30:43
300,Labuhan,-6.8844,112.2051,80.51,78,100,3.13,ID,2021-10-31 21:30:43
301,Husavik,66.0449,-17.3389,33.71,99,100,21.47,IS,2021-10-31 21:30:43
302,Vikulovo,56.8167,70.6107,24.67,92,100,8.34,RU,2021-10-31 21:30:44
303,Acu,-5.5767,-36.9086,82.22,55,64,18.43,BR,2021-10-31 21:30:44
304,Ilulissat,69.2167,-51.1,33.82,86,75,16.11,GL,2021-10-31 21:26:05
305,Mercedes,-34.6515,-59.4307,67.84,61,99,13.91,AR,2021-10-31 21:30:44
306,Ugoofaaru,5.6667,73.0,81.46,76,100,17.67,MV,2021-10-31 21:30:45
307,Leiyang,26.4024,112.8591,59.9,98,100,2.8,CN,2021-10-31 21:30:45
308,Wanning,18.8003,110.3967,75.85,91,86,6.67,CN,2021-10-31 21:30:45
309,Rawson,-43.3002,-65.1023,49.55,65,97,12.21,AR,2021-10-31 21:30:46
310,Alizai,33.5383,70.3462,58.78,32,2,2.53,PK,2021-10-31 21:30:46
311,Labytnangi,66.6572,66.4183,3.0,86,23,5.84,RU,2021-10-31 21:30:46
312,Sai Buri,6.7013,101.6168,76.41,88,100,2.33,TH,2021-10-31 21:30:47
313,Saint-Pierre,-21.3393,55.4781,69.48,75,0,5.75,RE,2021-10-31 21:29:46
314,Rabo De Peixe,37.8,-25.5833,71.28,92,40,8.05,PT,2021-10-31 21:30:47
315,Haverfordwest,51.8017,-4.9691,54.34,76,100,18.01,GB,2021-10-31 21:30:47
316,Krasnoselkup,65.7,82.4667,5.83,95,100,12.37,RU,2021-10-31 21:30:48
317,Rumonge,-3.9736,29.4386,75.36,69,100,1.97,BI,2021-10-31 21:30:48
318,San Salvador,13.6894,-89.1872,86.63,61,20,4.61,SV,2021-10-31 21:30:11
319,Gimli,50.6336,-96.9907,39.22,65,99,12.66,CA,2021-10-31 21:30:48
320,Kvitok,56.0724,98.4813,32.54,86,100,4.14,RU,2021-10-31 21:31:49
321,Yichun,47.7,128.9,21.47,43,0,0.25,CN,2021-10-31 21:31:49
322,Saint-Augustin,51.226,-58.6502,45.16,68,96,4.09,CA,2021-10-31 21:28:29
323,Terni,42.6833,12.3167,54.03,80,100,0.67,IT,2021-10-31 21:31:49
324,Pehowa,29.9833,76.5833,64.22,52,0,6.76,IN,2021-10-31 21:31:50
325,Maine-Soroa,13.2114,12.0241,84.83,17,88,7.83,NE,2021-10-31 21:31:50
326,Hovd,48.0056,91.6419,37.26,41,100,13.8,MN,2021-10-31 21:31:50
327,Suntar,62.1444,117.6319,18.52,79,99,5.86,RU,2021-10-31 21:31:51
328,Khailar,25.35,78.5333,67.15,46,0,6.8,IN,2021-10-31 21:31:51
329,Taltal,-25.4,-70.4833,63.43,72,19,2.84,CL,2021-10-31 21:31:51
330,Kralendijk,12.15,-68.2667,84.18,65,20,12.66,BQ,2021-10-31 21:31:51
331,Mareeba,-17.0,145.4333,77.43,85,96,8.63,AU,2021-10-31 21:31:52
332,Amuntai,-2.4177,115.2494,72.7,96,100,1.83,ID,2021-10-31 21:31:52
333,Comodoro Rivadavia,-45.8667,-67.5,49.86,66,20,16.11,AR,2021-10-31 21:28:52
334,Kismayo,-0.3582,42.5454,78.21,84,8,11.99,SO,2021-10-31 21:31:52
335,Vila Velha,-20.3297,-40.2925,71.55,94,90,3.44,BR,2021-10-31 21:31:53
336,Alcala De Henares,40.4821,-3.36,65.62,96,75,12.66,ES,2021-10-31 21:31:53
337,Monrovia,6.3005,-10.7969,78.57,88,97,4.7,LR,2021-10-31 21:30:36
338,Nara,34.6851,135.8049,58.69,83,100,1.63,JP,2021-10-31 21:29:23
339,Lompoc,34.6391,-120.4579,71.74,61,1,11.5,US,2021-10-31 21:31:53
340,Bazarnyye Mataki,54.8833,49.9333,43.39,77,59,11.74,RU,2021-10-31 21:31:54
341,Manasa,24.4837,75.2687,65.26,45,0,3.62,IN,2021-10-31 21:31:54
342,Lufilufi,-13.8745,-171.5986,85.78,75,93,14.52,WS,2021-10-31 21:31:54
343,Benghazi,32.1167,20.0667,69.85,70,81,5.3,LY,2021-10-31 21:31:55
344,Lethem,3.3803,-59.7968,89.65,62,20,13.8,GY,2021-10-31 21:31:55
345,Manta,-0.95,-80.7333,80.38,74,75,11.5,EC,2021-10-31 21:28:54
346,Gus-Zheleznyy,55.0581,41.1656,40.68,84,16,7.49,RU,2021-10-31 21:31:55
347,Puerto Carreno,6.189,-67.4859,79.75,83,75,1.92,CO,2021-10-31 21:31:56
348,Makakilo City,21.3469,-158.0858,82.62,58,90,3.44,US,2021-10-31 21:31:56
349,Mandal,25.45,74.5667,66.52,40,1,6.8,IN,2021-10-31 21:31:56
350,Rudbar,30.15,62.6,60.55,32,0,17.83,AF,2021-10-31 21:31:57
351,Sabang,5.8933,95.3214,80.65,77,97,3.91,ID,2021-10-31 21:31:57
352,Ballina,-28.8667,153.5667,67.96,72,100,3.44,AU,2021-10-31 21:31:57
353,Udachnyy,66.4167,112.4,4.46,89,67,13.47,RU,2021-10-31 21:31:57
354,Kavaratti,10.5669,72.642,81.1,79,99,5.19,IN,2021-10-31 21:31:58
355,Sulangan,11.1373,123.7228,82.04,76,38,15.48,PH,2021-10-31 21:31:58
356,Beyneu,45.3167,55.2,48.85,65,0,6.67,KZ,2021-10-31 21:31:58
357,Dubbo,-32.25,148.6167,57.33,72,100,10.36,AU,2021-10-31 21:31:59
358,Santa Maria,-29.6842,-53.8069,87.1,48,0,4.61,BR,2021-10-31 21:28:55
359,Xingcheng,40.6167,120.7167,39.45,49,0,8.32,CN,2021-10-31 21:31:59
360,Bismarck,46.8083,-100.7837,44.44,46,40,19.57,US,2021-10-31 21:30:12
361,Naze,28.3667,129.4833,69.42,80,96,14.9,JP,2021-10-31 21:31:59
362,Kharod,21.75,82.5667,63.64,58,6,4.45,IN,2021-10-31 21:32:00
363,Seguela,7.9611,-6.6731,72.99,84,100,3.76,CI,2021-10-31 21:32:00
364,Victoria,22.2855,114.1577,76.32,83,88,1.01,HK,2021-10-31 21:28:16
365,Bartoszyce,54.2535,20.8082,48.45,72,73,8.08,PL,2021-10-31 21:32:01
366,Elat,29.5581,34.9482,75.04,57,7,0.0,IL,2021-10-31 21:32:01
367,Latung,5.5,120.8833,83.12,71,92,3.53,PH,2021-10-31 21:33:02
368,Brae,60.3964,-1.353,48.11,89,100,22.46,GB,2021-10-31 21:33:02
369,Ozernovskiy,51.5,156.5167,34.18,57,100,27.36,RU,2021-10-31 21:33:03
370,Riyadh,24.6877,46.7219,68.14,26,0,5.46,SA,2021-10-31 21:30:02
371,Eyl,7.9803,49.8164,78.53,78,19,12.93,SO,2021-10-31 21:33:03
372,Aquiraz,-3.9014,-38.3911,81.18,79,40,11.21,BR,2021-10-31 21:33:04
373,Padang,-0.9492,100.3543,75.74,93,100,4.59,ID,2021-10-31 21:32:13
374,Chumikan,54.7183,135.315,23.52,61,8,13.22,RU,2021-10-31 21:33:04
375,Deniliquin,-35.5333,144.9667,63.95,32,97,6.73,AU,2021-10-31 21:33:04
376,Maputo,-25.9653,32.5892,70.23,85,0,2.3,MZ,2021-10-31 21:31:44
377,Houma,29.5958,-90.7195,77.0,56,1,3.44,US,2021-10-31 21:33:05
378,Bayevo,53.2833,80.7667,25.9,86,95,10.45,RU,2021-10-31 21:33:05
379,Lumphat,13.4878,106.9816,71.78,92,80,4.52,KH,2021-10-31 21:33:05
380,Hofn,64.2539,-15.2082,39.47,59,100,22.57,IS,2021-10-31 21:33:06
381,Sao Joao Da Barra,-21.6403,-41.0511,73.49,91,100,13.82,BR,2021-10-31 21:33:06
382,Cairns,-16.9167,145.7667,82.06,90,75,8.05,AU,2021-10-31 21:32:13
383,Belo Jardim,-8.3356,-36.4242,71.85,75,51,13.91,BR,2021-10-31 21:30:05
384,Jalu,29.0331,21.5482,66.81,74,60,8.21,LY,2021-10-31 21:33:06
385,Fereydun Kenar,36.6864,52.5225,55.71,76,27,5.48,IR,2021-10-31 21:33:07
386,Suna,57.8338,50.0588,40.28,95,82,9.19,RU,2021-10-31 21:33:07
387,Beisfjord,68.3751,17.5988,46.45,88,100,10.22,NO,2021-10-31 21:33:07
388,Bouna,9.2667,-3.0,80.64,49,97,2.75,CI,2021-10-31 21:33:08
389,Banda Aceh,5.5577,95.3222,77.86,83,99,2.89,ID,2021-10-31 21:33:08
390,San Patricio,28.017,-97.5169,88.21,38,0,12.91,US,2021-10-31 21:28:31
391,Ust-Tarka,55.5672,75.705,21.16,94,100,5.57,RU,2021-10-31 21:33:08
392,Lasa,46.6166,10.7002,50.74,97,100,4.03,IT,2021-10-31 21:33:09
393,Puerto Escondido,15.85,-97.0667,83.12,74,52,4.56,MX,2021-10-31 21:33:09
394,Williams Lake,52.1415,-122.1445,42.37,54,1,1.99,CA,2021-10-31 21:33:09
395,Bundaberg,-24.85,152.35,74.21,64,40,1.99,AU,2021-10-31 21:32:15
396,Livingstonia,-10.606,34.1063,69.82,64,6,2.91,MW,2021-10-31 21:33:10
397,Guerrero Negro,27.9769,-114.0611,71.42,60,100,13.18,MX,2021-10-31 21:33:10
398,Faya,18.3851,42.4509,59.11,52,3,5.08,SA,2021-10-31 21:33:10
399,Swan River,52.1058,-101.2676,35.49,64,100,10.36,CA,2021-10-31 21:33:11
400,Atbasar,51.8,68.3333,42.19,91,100,13.4,KZ,2021-10-31 21:33:11
401,Dobroye,52.8678,39.8109,38.7,78,14,6.58,RU,2021-10-31 21:33:11
402,Sambava,-14.2667,50.1667,73.06,91,22,5.53,MG,2021-10-31 21:33:12
403,Nerchinskiy Zavod,51.3088,119.61,21.27,57,66,5.32,RU,2021-10-31 21:33:12
404,Dunedin,-45.8742,170.5036,56.8,44,55,8.01,NZ,2021-10-31 21:30:29
405,Strezhevoy,60.7333,77.5889,1.38,95,82,7.54,RU,2021-10-31 21:33:12
406,Morro Bay,35.3658,-120.8499,72.19,72,98,5.01,US,2021-10-31 21:33:13
407,Kongolo,-5.3833,27.0,70.48,95,100,2.46,CD,2021-10-31 21:33:13
408,Gebre Guracha,9.8,38.4,51.66,70,50,5.79,ET,2021-10-31 21:33:13
409,Cuamba,-14.8031,36.5372,79.43,42,63,2.24,MZ,2021-10-31 21:33:14
410,Portland,45.5234,-122.6762,64.98,40,20,3.0,US,2021-10-31 21:30:39
411,Zabid,14.1951,43.3152,81.95,69,67,3.62,YE,2021-10-31 21:33:14
412,Mehamn,71.0357,27.8492,33.98,86,20,4.61,NO,2021-10-31 21:33:14
413,Bandarbeyla,9.4942,50.8122,78.46,78,30,12.66,SO,2021-10-31 21:33:15
414,Banihal,33.4167,75.2,45.73,58,76,3.0,IN,2021-10-31 21:34:15
415,Nieuw Nickerie,5.95,-56.9833,80.1,78,73,10.09,SR,2021-10-31 21:34:15
416,Dolgoderevenskoye,55.3444,61.3444,44.94,76,75,13.42,RU,2021-10-31 21:34:16
417,Nishihara,26.1842,127.7558,71.65,83,40,0.0,JP,2021-10-31 21:34:16
418,Wangkui,46.8333,126.5,25.83,39,6,6.26,CN,2021-10-31 21:34:16
419,Oswego,43.4501,-76.1497,55.02,86,100,7.0,US,2021-10-31 21:34:17
420,Tretten,61.3142,10.3007,41.65,96,100,7.29,NO,2021-10-31 21:34:17
421,Paso De Los Toros,-32.8167,-56.5167,73.2,77,8,10.67,UY,2021-10-31 21:34:17
422,Key Largo,25.0865,-80.4473,87.03,55,12,13.04,US,2021-10-31 21:30:37
423,Olga,43.7444,135.2892,41.59,88,98,4.14,RU,2021-10-31 21:34:18
424,Tessalit,20.1986,1.0114,84.02,14,15,5.3,ML,2021-10-31 21:34:18
425,Atherton,53.5237,-2.4935,49.78,92,100,3.0,GB,2021-10-31 21:34:18
426,Poum,-20.2333,164.0167,75.56,66,30,15.84,NC,2021-10-31 21:34:19
427,Tyukhtet,56.5389,89.3011,28.08,95,100,15.39,RU,2021-10-31 21:34:19
428,Marzuq,14.4,46.4667,68.79,57,5,0.96,YE,2021-10-31 21:34:19
429,Santiago Del Estero,-27.7951,-64.2615,80.11,58,96,17.78,AR,2021-10-31 21:34:19
430,Havelock,34.8791,-76.9013,71.58,66,20,3.0,US,2021-10-31 21:34:09
431,Presidente Epitacio,-21.7633,-52.1156,71.04,83,69,8.97,BR,2021-10-31 21:34:20
432,Birjand,32.8663,59.2211,45.07,36,0,4.61,IR,2021-10-31 21:34:20
433,Anloga,5.7947,0.8973,82.62,82,100,14.7,GH,2021-10-31 21:34:21
434,Ostrovnoy,68.0531,39.5131,36.12,80,98,10.42,RU,2021-10-31 21:34:21
435,Omboue,-1.5746,9.2618,75.97,91,100,6.55,GA,2021-10-31 21:34:21
436,Skibbereen,51.55,-9.2667,46.2,68,98,19.44,IE,2021-10-31 21:34:21
437,Sarangani,5.4033,125.4636,83.25,74,91,13.51,PH,2021-10-31 21:34:22
438,Severo-Kurilsk,50.6789,156.125,34.11,64,99,27.25,RU,2021-10-31 21:34:22
439,Fairbanks,64.8378,-147.7164,48.16,47,1,10.36,US,2021-10-31 21:34:22
440,Teyateyaneng,-29.1472,27.7489,59.7,37,81,1.83,LS,2021-10-31 21:34:23
441,Kollam,8.8833,76.6,76.87,86,100,3.24,IN,2021-10-31 21:34:23
442,Sakakah,29.9697,40.2064,80.17,27,88,6.33,SA,2021-10-31 21:34:23
443,Dingle,10.9995,122.6711,75.04,91,95,7.58,PH,2021-10-31 21:34:24
444,Saint Anthony,45.0205,-93.218,47.3,52,75,4.0,US,2021-10-31 21:34:24
445,Linhares,-19.3911,-40.0722,71.64,91,99,5.1,BR,2021-10-31 21:34:24
446,Rockingham,42.9668,-71.0995,61.36,79,28,5.73,US,2021-10-31 21:34:24
447,Wufeng,27.45,104.8333,44.19,97,100,2.19,CN,2021-10-31 21:34:25
448,Ullapool,57.8987,-5.1604,49.35,94,100,11.34,GB,2021-10-31 21:34:25
449,Whitehorse,60.7161,-135.0538,37.02,59,75,18.01,CA,2021-10-31 21:34:25
450,Usinsk,65.9939,57.5281,4.82,86,23,10.78,RU,2021-10-31 21:34:26
451,La Ronge,55.1001,-105.2842,34.05,60,75,10.36,CA,2021-10-31 21:34:26
452,Geraldton,-28.7667,114.6,62.13,77,75,6.91,AU,2021-10-31 21:31:13
453,Ayr,55.4627,-4.6339,48.18,81,75,11.5,GB,2021-10-31 21:34:26
454,Aswan,24.0934,32.907,83.5,24,0,6.91,EG,2021-10-31 21:34:27
455,Jonkoping,57.7814,14.1562,51.39,100,90,10.36,SE,2021-10-31 21:34:27
456,Great Falls,47.5002,-111.3008,37.17,46,1,8.05,US,2021-10-31 21:34:27
457,Leh,34.1667,77.5833,24.82,55,99,1.88,IN,2021-10-31 21:34:28
458,Noumea,-22.2763,166.4572,75.18,99,29,7.67,NC,2021-10-31 21:30:06
459,Muriwai Beach,-36.8167,174.45,63.19,71,88,10.51,NZ,2021-10-31 21:35:28
460,Tiznit,29.5833,-9.5,65.86,41,0,1.32,MA,2021-10-31 21:35:28
461,Shimoda,34.6667,138.95,58.1,81,77,10.8,JP,2021-10-31 21:35:29
462,Roald,62.5833,6.1333,49.33,76,0,11.5,NO,2021-10-31 21:35:29
463,Mitsamiouli,-11.3847,43.2844,78.53,79,10,10.67,KM,2021-10-31 21:35:29
464,Casa Nova,-9.4167,-41.1333,87.78,36,25,5.7,BR,2021-10-31 21:35:30
465,Atasu,48.6814,71.6433,39.6,83,100,11.18,KZ,2021-10-31 21:35:30
466,Praia Da Vitoria,38.7333,-27.0667,70.05,88,20,2.08,PT,2021-10-31 21:35:30
467,Balagansk,54.0103,103.0544,32.36,82,80,7.7,RU,2021-10-31 21:35:31
468,Storforshei,66.4043,14.5233,42.66,86,75,1.14,NO,2021-10-31 21:35:31
469,Byron Bay,-28.65,153.6167,68.05,54,100,7.65,AU,2021-10-31 21:34:32
470,Tiarei,-17.5333,-149.3333,82.42,73,63,14.23,PF,2021-10-31 21:35:31
471,Camargo,27.6667,-105.1667,81.68,18,12,2.01,MX,2021-10-31 21:35:32
472,Sola,-13.8833,167.55,80.64,74,20,14.38,VU,2021-10-31 21:35:32
473,Lugovaya,56.05,37.4833,40.82,87,14,13.42,RU,2021-10-31 21:35:32
474,Awjilah,29.1081,21.2869,66.79,76,88,8.3,LY,2021-10-31 21:35:32
475,Kalmunai,7.4167,81.8167,78.24,88,67,6.29,LK,2021-10-31 21:35:33
476,Grindavik,63.8424,-22.4338,35.55,80,20,23.02,IS,2021-10-31 21:35:33
477,Jacmel,18.2342,-72.5347,78.64,82,28,3.56,HT,2021-10-31 21:35:33
478,Arman,59.7,150.1667,9.39,56,0,9.51,RU,2021-10-31 21:35:34
479,Coihaique,-45.5752,-72.0662,70.41,26,0,8.05,CL,2021-10-31 21:35:34
480,Cayenne,4.9333,-52.3333,83.08,78,40,3.0,GF,2021-10-31 21:35:34
481,Mutsu,41.2894,141.2169,44.92,84,81,2.91,JP,2021-10-31 21:35:34
482,Teguise,29.0605,-13.564,66.42,78,0,9.22,ES,2021-10-31 21:35:35
483,San Francisco,37.7749,-122.4194,69.64,75,75,1.99,US,2021-10-31 21:30:58
484,Matveyevka,52.15,56.1833,38.35,96,72,6.2,RU,2021-10-31 21:35:35
485,Tilichiki,60.4667,166.1,-6.12,96,56,11.21,RU,2021-10-31 21:35:35
486,Tuatapere,-46.1333,167.6833,56.73,61,83,9.57,NZ,2021-10-31 21:35:36
487,Narsaq,60.9167,-46.05,26.82,68,69,7.11,GL,2021-10-31 21:35:36
488,Muravlenko,63.7898,74.523,0.84,96,14,10.27,RU,2021-10-31 21:35:36
489,Conceicao Do Araguaia,-8.2578,-49.2647,76.39,80,86,1.1,BR,2021-10-31 21:35:37
490,Bartica,6.4,-58.6167,82.72,91,100,4.43,GY,2021-10-31 21:35:37
491,Prince Rupert,54.3161,-130.3201,53.29,48,82,12.66,CA,2021-10-31 21:35:37
492,Abay,49.6311,72.8539,34.18,82,100,12.82,KZ,2021-10-31 21:33:00
493,Petropavlovsk-Kamchatskiy,53.0452,158.6483,23.59,63,40,6.71,RU,2021-10-31 21:35:37
494,Leshukonskoye,64.8989,45.7622,30.6,86,100,6.4,RU,2021-10-31 21:35:38
495,San Pedro,14.35,121.0167,77.11,89,75,3.44,PH,2021-10-31 21:35:38
496,Heihe,50.2441,127.4902,14.58,41,47,4.99,CN,2021-10-31 21:35:38
497,Kingaroy,-26.5333,151.8333,62.64,77,91,8.05,AU,2021-10-31 21:31:20
498,Saint-Joseph,-21.3667,55.6167,68.38,84,17,9.91,RE,2021-10-31 21:35:39
499,Zhangjiakou,40.81,114.8794,37.56,59,0,3.06,CN,2021-10-31 21:35:39
500,Pacific Grove,36.6177,-121.9166,68.29,72,1,5.99,US,2021-10-31 21:31:42
501,Nkoteng,4.5167,12.0333,69.19,98,93,4.92,CM,2021-10-31 21:36:40
502,Panalingaan,8.7842,117.4231,78.04,82,97,4.99,PH,2021-10-31 21:36:40
503,Kieta,-6.2167,155.6333,82.9,72,92,2.44,PG,2021-10-31 21:36:40
504,Tura,25.5198,90.2201,60.39,72,0,3.11,IN,2021-10-31 21:36:41
505,Sept-Iles,50.2001,-66.3821,47.05,97,90,14.0,CA,2021-10-31 21:32:02
506,Moose Factory,51.2585,-80.6094,41.0,93,90,5.75,CA,2021-10-31 21:36:41
507,Tenosique,17.4833,-91.4333,79.99,72,25,4.76,MX,2021-10-31 21:36:41
508,Novomyshastovskaya,45.1991,38.5827,47.17,83,69,7.27,RU,2021-10-31 21:36:42
509,Changji,44.0167,87.3167,47.19,61,95,4.47,CN,2021-10-31 21:36:42
510,Bardiyah,31.7561,25.0865,68.67,73,19,30.31,LY,2021-10-31 21:36:42
511,Paamiut,61.994,-49.6678,31.91,80,95,7.76,GL,2021-10-31 21:36:43
512,North Bend,43.4065,-124.2243,59.14,94,90,6.91,US,2021-10-31 21:36:43
513,Kirakira,-10.4544,161.9205,83.71,69,59,10.47,SB,2021-10-31 21:36:43
514,Nalut,30.3333,10.85,70.05,28,0,7.67,LY,2021-10-31 21:36:44
515,Broome,42.2506,-75.833,56.84,80,90,3.0,US,2021-10-31 21:36:44
516,Jambi,-1.6,103.6167,72.77,99,100,2.64,ID,2021-10-31 21:36:44
517,Juneau,58.3019,-134.4197,44.83,88,90,0.0,US,2021-10-31 21:34:36
518,Jonava,55.0833,24.2833,47.12,84,0,1.01,LT,2021-10-31 21:36:44
519,Tual,-5.6667,132.75,84.09,72,99,10.27,ID,2021-10-31 21:36:45
520,Yeppoon,-23.1333,150.7333,71.38,68,100,20.38,AU,2021-10-31 21:36:45
521,Ahipara,-35.1667,173.1667,60.67,67,68,12.17,NZ,2021-10-31 21:36:45
522,Sayyan,15.1718,44.3244,53.29,59,33,6.53,YE,2021-10-31 21:36:46
523,Cortes,41.9395,-1.4396,68.05,70,100,6.44,ES,2021-10-31 21:36:46
524,Pemba,-12.974,40.5178,77.7,94,40,14.97,MZ,2021-10-31 21:36:46
525,Shanghai,31.2222,121.4581,62.92,86,0,4.47,CN,2021-10-31 21:33:40
526,Rincon,32.296,-81.2354,71.85,62,20,11.5,US,2021-10-31 21:36:47
527,Abha,18.2164,42.5053,58.82,47,0,6.91,SA,2021-10-31 21:36:47
528,Marsa Matruh,31.3525,27.2453,70.0,52,40,11.5,EG,2021-10-31 21:36:47
529,Puerto Baquerizo Moreno,-0.9,-89.6,72.59,73,40,14.97,EC,2021-10-31 21:36:48
530,Lakeside,30.13,-81.7682,67.98,63,90,9.22,US,2021-10-31 21:35:32
531,Akdepe,42.0551,59.3788,37.49,47,0,6.73,TM,2021-10-31 21:36:48
532,Carolina,18.3808,-65.9574,84.09,74,40,11.5,PR,2021-10-31 21:36:48
533,Buarcos,40.166,-8.8768,66.67,100,100,11.97,PT,2021-10-31 21:36:49
534,Hastings,50.8552,0.5729,53.98,77,21,29.59,GB,2021-10-31 21:36:49
535,Boguchany,58.3814,97.4531,32.58,96,100,7.16,RU,2021-10-31 21:36:50
536,Te Anau,-45.4167,167.7167,53.67,65,74,6.58,NZ,2021-10-31 21:36:50
537,Dhrol,22.5667,70.4167,67.39,31,0,2.86,IN,2021-10-31 21:36:50
538,Druskininkai,54.0167,23.9667,45.21,76,0,6.51,LT,2021-10-31 21:36:50
539,Andros,37.8333,24.9333,61.74,71,75,8.01,GR,2021-10-31 21:36:51
540,Rio Gallegos,-51.6226,-69.2181,59.05,29,0,31.07,AR,2021-10-31 21:36:51
541,Devils Lake,48.1128,-98.8651,37.94,59,90,10.0,US,2021-10-31 21:36:52
542,Monze,-16.2833,27.4833,74.14,43,3,2.62,ZM,2021-10-31 21:36:52
543,Joinville,-26.3044,-48.8456,71.55,96,75,4.61,BR,2021-10-31 21:36:32
544,Anadyr,64.75,177.4833,-7.01,76,20,11.01,RU,2021-10-31 21:36:52
545,Korla,41.7597,86.1469,47.08,27,9,5.84,CN,2021-10-31 21:34:36
546,Iranshahr,27.2025,60.6848,73.74,23,0,0.0,IR,2021-10-31 21:36:53
547,The Valley,18.217,-63.0578,84.06,69,20,13.8,AI,2021-10-31 21:37:53
548,La Ciotat,43.1748,5.6045,64.29,82,97,19.44,FR,2021-10-31 21:37:53
549,Belgrade,44.804,20.4651,47.86,66,0,1.01,RS,2021-10-31 21:37:54
550,Kumluca,36.3703,30.2869,65.23,79,100,4.27,TR,2021-10-31 21:37:54
551,Chimore,-16.9833,-65.1333,83.98,58,96,5.39,BO,2021-10-31 21:37:54
552,Gweta,-20.1833,25.2333,87.93,20,41,5.48,BW,2021-10-31 21:37:55
553,Omsukchan,62.5333,155.8,-15.27,97,97,4.81,RU,2021-10-31 21:33:41
554,Burnie,-41.0667,145.9167,59.92,59,92,9.46,AU,2021-10-31 21:37:55
555,Erenhot,43.6475,111.9767,32.72,52,0,5.75,CN,2021-10-31 21:37:56
556,Biak,-0.9131,122.8766,76.44,82,87,1.32,ID,2021-10-31 21:37:56
557,Kudahuvadhoo,2.6708,72.8944,82.17,78,39,19.64,MV,2021-10-31 21:37:56
558,Muros,42.7762,-9.0603,58.23,94,100,13.06,ES,2021-10-31 21:37:57
559,Petropavlovka,50.6114,105.3196,31.84,73,100,2.1,RU,2021-10-31 21:37:57
560,Clarence Town,-32.5833,151.7833,67.95,51,95,4.81,AU,2021-10-31 21:37:57
561,Teacapan,22.55,-105.75,83.55,67,0,9.28,MX,2021-10-31 21:37:58
562,Maceio,-9.6658,-35.7353,80.04,83,20,8.05,BR,2021-10-31 21:35:02
563,Dandong,40.1292,124.3947,40.44,75,48,7.76,CN,2021-10-31 21:37:58
564,Tarakan,3.3,117.6333,76.5,94,40,3.44,ID,2021-10-31 21:37:59
565,Djibo,14.1022,-1.6306,89.22,13,78,8.37,BF,2021-10-31 21:37:59
566,Paso De Carrasco,-34.8603,-56.0522,63.95,94,90,13.8,UY,2021-10-31 21:38:00
567,Lewiston,44.1003,-70.2148,59.81,80,15,1.01,US,2021-10-31 21:34:03
568,Vanavara,60.34,102.2797,22.95,70,100,4.65,RU,2021-10-31 21:38:00
569,Pascagoula,30.3658,-88.5561,74.03,60,1,3.44,US,2021-10-31 21:34:35
570,Kigoma,-4.8769,29.6267,75.7,75,93,4.32,TZ,2021-10-31 21:38:00
571,Margate,51.3813,1.3862,53.31,74,0,5.99,GB,2021-10-31 21:35:59
